"name","reference","type","authority_document"
"General Provisions","Chapter-1","core_topic","008d69cc3b878f10a17ebf0f23e45aa9"
"Scope of Application","Chapter-2","core_topic","008d69cc3b878f10a17ebf0f23e45aa9"
"Conditions for Personal Data Processing","Chapter-3","core_topic","008d69cc3b878f10a17ebf0f23e45aa9"
"Rights of Data Subjects","Chapter-4","core_topic","008d69cc3b878f10a17ebf0f23e45aa9"
"Obligations of Controllers","Chapter-5","core_topic","008d69cc3b878f10a17ebf0f23e45aa9"
"Cross-Border Data Transfer","Chapter-6","core_topic","008d69cc3b878f10a17ebf0f23e45aa9"
"Sensitive Personal Data","Chapter-7","core_topic","008d69cc3b878f10a17ebf0f23e45aa9"
"Violations and Penalties","Chapter-8","core_topic","008d69cc3b878f10a17ebf0f23e45aa9"
"General and Transitional Provisions","Chapter-9","core_topic","008d69cc3b878f10a17ebf0f23e45aa9"
"Definitions and Scope","Art-1","control_objective","008d69cc3b878f10a17ebf0f23e45aa9"
"Territorial Scope","Art-2","control_objective","008d69cc3b878f10a17ebf0f23e45aa9"
"Exemptions","Art-3","control_objective","008d69cc3b878f10a17ebf0f23e45aa9"
"Lawful Basis for Processing","Art-4","control_objective","008d69cc3b878f10a17ebf0f23e45aa9"
"Consent Requirements","Art-5","control_objective","008d69cc3b878f10a17ebf0f23e45aa9"
"Processing for Legitimate Interests","Art-6","control_objective","008d69cc3b878f10a17ebf0f23e45aa9"
"Right to Access","Art-7","control_objective","008d69cc3b878f10a17ebf0f23e45aa9"
"Right to Correction","Art-8","control_objective","008d69cc3b878f10a17ebf0f23e45aa9"
"Right to Erasure","Art-9","control_objective","008d69cc3b878f10a17ebf0f23e45aa9"
"Right to Data Portability","Art-10","control_objective","008d69cc3b878f10a17ebf0f23e45aa9"
"Right to Object to Processing","Art-11","control_objective","008d69cc3b878f10a17ebf0f23e45aa9"
"Privacy Notice Requirements","Art-12","control_objective","008d69cc3b878f10a17ebf0f23e45aa9"
"Purpose Limitation","Art-13","control_objective","008d69cc3b878f10a17ebf0f23e45aa9"
"Data Minimisation","Art-14","control_objective","008d69cc3b878f10a17ebf0f23e45aa9"
"Accuracy and Retention","Art-15","control_objective","008d69cc3b878f10a17ebf0f23e45aa9"
"Security of Personal Data","Art-16","control_objective","008d69cc3b878f10a17ebf0f23e45aa9"
"Data Breach Notification","Art-17","control_objective","008d69cc3b878f10a17ebf0f23e45aa9"
"Data Protection Officer","Art-18","control_objective","008d69cc3b878f10a17ebf0f23e45aa9"
"Records of Processing Activities","Art-19","control_objective","008d69cc3b878f10a17ebf0f23e45aa9"
"Data Protection Impact Assessment","Art-20","control_objective","008d69cc3b878f10a17ebf0f23e45aa9"
"Processor Obligations","Art-21","control_objective","008d69cc3b878f10a17ebf0f23e45aa9"
"Conditions for Cross-Border Transfer","Art-22","control_objective","008d69cc3b878f10a17ebf0f23e45aa9"
"Adequacy Decisions","Art-23","control_objective","008d69cc3b878f10a17ebf0f23e45aa9"
"Safeguards for Transfer","Art-24","control_objective","008d69cc3b878f10a17ebf0f23e45aa9"
"Definition of Sensitive Data","Art-25","control_objective","008d69cc3b878f10a17ebf0f23e45aa9"
"Prohibition on Processing Sensitive Data","Art-26","control_objective","008d69cc3b878f10a17ebf0f23e45aa9"
"Exceptions for Sensitive Data Processing","Art-27","control_objective","008d69cc3b878f10a17ebf0f23e45aa9"
"Biometric and Health Data","Art-28","control_objective","008d69cc3b878f10a17ebf0f23e45aa9"
"Administrative Penalties","Art-29","control_objective","008d69cc3b878f10a17ebf0f23e45aa9"
"Criminal Penalties","Art-30","control_objective","008d69cc3b878f10a17ebf0f23e45aa9"
"Complaint and Enforcement Procedures","Art-31","control_objective","008d69cc3b878f10a17ebf0f23e45aa9"
"SDAIA Supervisory Powers","Art-32","control_objective","008d69cc3b878f10a17ebf0f23e45aa9"
"Effective Date","Art-33","control_objective","008d69cc3b878f10a17ebf0f23e45aa9"
"Implementing Regulations","Art-34","control_objective","008d69cc3b878f10a17ebf0f23e45aa9"
"Transitional Provisions","Art-35","control_objective","008d69cc3b878f10a17ebf0f23e45aa9"
"Repeal of Prior Provisions","Art-36","control_objective","008d69cc3b878f10a17ebf0f23e45aa9"
"Personal data must be collected for a specified and explicit purpose","Art-4-1","control","008d69cc3b878f10a17ebf0f23e45aa9"
"Processing must not exceed the purpose for which data was collected","Art-4-2","control","008d69cc3b878f10a17ebf0f23e45aa9"
"Lawful basis must be established prior to processing","Art-4-3","control","008d69cc3b878f10a17ebf0f23e45aa9"
"Consent must be explicit informed and documented","Art-5-1","control","008d69cc3b878f10a17ebf0f23e45aa9"
"Consent must be freely given without coercion","Art-5-2","control","008d69cc3b878f10a17ebf0f23e45aa9"
"Withdrawal of consent must be as easy as giving it","Art-5-3","control","008d69cc3b878f10a17ebf0f23e45aa9"
"Controller must provide privacy notice at point of collection","Art-12-1","control","008d69cc3b878f10a17ebf0f23e45aa9"
"Privacy notice must include identity of controller","Art-12-2","control","008d69cc3b878f10a17ebf0f23e45aa9"
"Privacy notice must state purposes of processing","Art-12-3","control","008d69cc3b878f10a17ebf0f23e45aa9"
"Privacy notice must include data subject rights","Art-12-4","control","008d69cc3b878f10a17ebf0f23e45aa9"
"Privacy notice must disclose cross-border transfer intent","Art-12-5","control","008d69cc3b878f10a17ebf0f23e45aa9"
"Only data necessary for the stated purpose may be collected","Art-14-1","control","008d69cc3b878f10a17ebf0f23e45aa9"
"Data collected must not be excessive relative to purpose","Art-14-2","control","008d69cc3b878f10a17ebf0f23e45aa9"
"Personal data must be accurate and kept up to date","Art-15-1","control","008d69cc3b878f10a17ebf0f23e45aa9"
"Data must not be retained beyond the period necessary for its purpose","Art-15-2","control","008d69cc3b878f10a17ebf0f23e45aa9"
"Retention periods must be defined and documented","Art-15-3","control","008d69cc3b878f10a17ebf0f23e45aa9"
"Appropriate technical measures must be implemented to protect personal data","Art-16-1","control","008d69cc3b878f10a17ebf0f23e45aa9"
"Appropriate organisational measures must be implemented to protect personal data","Art-16-2","control","008d69cc3b878f10a17ebf0f23e45aa9"
"Access to personal data must be restricted to authorised personnel only","Art-16-3","control","008d69cc3b878f10a17ebf0f23e45aa9"
"Security controls must be reviewed and updated regularly","Art-16-4","control","008d69cc3b878f10a17ebf0f23e45aa9"
"Controller must notify SDAIA of breach without undue delay","Art-17-1","control","008d69cc3b878f10a17ebf0f23e45aa9"
"Breach notification to SDAIA must include nature and scope of breach","Art-17-2","control","008d69cc3b878f10a17ebf0f23e45aa9"
"Affected data subjects must be notified where breach poses high risk","Art-17-3","control","008d69cc3b878f10a17ebf0f23e45aa9"
"Breach records must be maintained internally","Art-17-4","control","008d69cc3b878f10a17ebf0f23e45aa9"
"Data subject has the right to request access to their personal data","Art-7-1","control","008d69cc3b878f10a17ebf0f23e45aa9"
"Controller must respond to access requests within the regulatory timeframe","Art-7-2","control","008d69cc3b878f10a17ebf0f23e45aa9"
"Access must be provided free of charge in standard cases","Art-7-3","control","008d69cc3b878f10a17ebf0f23e45aa9"
"Data subject may request correction of inaccurate personal data","Art-8-1","control","008d69cc3b878f10a17ebf0f23e45aa9"
"Controller must action correction requests without undue delay","Art-8-2","control","008d69cc3b878f10a17ebf0f23e45aa9"
"Data subject may request erasure of personal data","Art-9-1","control","008d69cc3b878f10a17ebf0f23e45aa9"
"Erasure must be completed where no lawful basis for retention exists","Art-9-2","control","008d69cc3b878f10a17ebf0f23e45aa9"
"Cross-border transfer requires an adequacy decision or appropriate safeguards","Art-22-1","control","008d69cc3b878f10a17ebf0f23e45aa9"
"Transfer to third countries must not undermine PDPL protections","Art-22-2","control","008d69cc3b878f10a17ebf0f23e45aa9"
"Controller must document the legal basis for every cross-border transfer","Art-22-3","control","008d69cc3b878f10a17ebf0f23e45aa9"
"Processing of sensitive data is prohibited except under defined exceptions","Art-26-1","control","008d69cc3b878f10a17ebf0f23e45aa9"
"Explicit consent is required for sensitive data processing","Art-26-2","control","008d69cc3b878f10a17ebf0f23e45aa9"
"Sensitive data must be subject to enhanced security controls","Art-26-3","control","008d69cc3b878f10a17ebf0f23e45aa9"
"Biometric data may only be processed where strictly necessary","Art-28-1","control","008d69cc3b878f10a17ebf0f23e45aa9"
"Health data processing requires documented lawful basis and DPO involvement","Art-28-2","control","008d69cc3b878f10a17ebf0f23e45aa9"